"","category","over_represented_pvalue","under_represented_pvalue","numDEInCat","numInCat","term","ontology"
"1","GO:0005871",0.0209732095940505,0.99981720500456,1,92,"kinesin complex","CC"
"2","GO:0005654",0.0352611229274427,0.999477779310258,1,169,"nucleoplasm","CC"
"3","GO:0005874",0.0509922285814044,0.998899071516824,1,238,"microtubule","CC"
"4","GO:0005737",0.10856282498775,0.98056611815402,3,5948,"cytoplasm","CC"
"5","GO:0009507",0.123471226895391,0.976522879524084,3,6337,"chloroplast","CC"
"6","GO:0005739",0.2017319590595,0.960083261201419,2,4133,"mitochondrion","CC"
"7","GO:0009506",0.239473388091854,0.973558274604209,1,1264,"plasmodesma","CC"
"8","GO:0005576",0.393188880791141,0.922941673211422,1,2337,"extracellular region","CC"
"9","GO:0005829",0.472838123570897,0.883376380735194,1,2887,"cytosol","CC"
"10","GO:0005634",0.520712657784466,0.774531111385895,3,12382,"nucleus","CC"
"11","GO:0009941",1,0.861135969113319,0,708,"chloroplast envelope","CC"
"12","GO:0000015",1,0.999348233629829,0,3,"phosphopyruvate hydratase complex","CC"
"13","GO:0000110",1,0.998899500779805,0,5,"nucleotide-excision repair factor 1 complex","CC"
"14","GO:0000111",1,0.999542194931223,0,2,"nucleotide-excision repair factor 2 complex","CC"
"15","GO:0000112",1,0.999541505062901,0,2,"nucleotide-excision repair factor 3 complex","CC"
"16","GO:0000118",1,0.998279802351128,0,8,"histone deacetylase complex","CC"
"17","GO:0000123",1,0.995373839313639,0,22,"histone acetyltransferase complex","CC"
"18","GO:0000124",1,0.99545231534757,0,22,"SAGA complex","CC"
"19","GO:0000126",1,0.999127891207854,0,4,"transcription factor TFIIIB complex","CC"
"20","GO:0000127",1,0.997568979415364,0,11,"transcription factor TFIIIC complex","CC"
"21","GO:0000138",1,0.998791707262099,0,6,"Golgi trans cisterna","CC"
"22","GO:0000139",1,0.907426389126547,0,451,"Golgi membrane","CC"
"23","GO:0000145",1,0.99132986307843,0,40,"exocyst","CC"
"24","GO:0000148",1,0.994508460376403,0,23,"1,3-beta-D-glucan synthase complex","CC"
"25","GO:0000151",1,0.983886819838003,0,75,"ubiquitin ligase complex","CC"
"26","GO:0000152",1,0.999101409062774,0,4,"nuclear ubiquitin ligase complex","CC"
"27","GO:0000153",1,0.999570718832445,0,2,"cytoplasmic ubiquitin ligase complex","CC"
"28","GO:0000159",1,0.991716813501089,0,38,"protein phosphatase type 2A complex","CC"
"29","GO:0000164",1,0.998377438614122,0,8,"protein phosphatase type 1 complex","CC"
"30","GO:0000172",1,0.999618109550407,0,2,"ribonuclease MRP complex","CC"
"31","GO:0000176",1,0.995919530750518,0,20,"nuclear exosome (RNase complex)","CC"
"32","GO:0000177",1,0.996725235565756,0,16,"cytoplasmic exosome (RNase complex)","CC"
"33","GO:0000178",1,0.99746881235171,0,12,"exosome (RNase complex)","CC"
"34","GO:0000214",1,0.999424607255417,0,3,"tRNA-intron endonuclease complex","CC"
"35","GO:0000220",1,0.998918962398595,0,5,"vacuolar proton-transporting V-type ATPase, V0 domain","CC"
"36","GO:0000221",1,0.999544475113728,0,2,"vacuolar proton-transporting V-type ATPase, V1 domain","CC"
"37","GO:0000228",1,0.996368012607316,0,17,"nuclear chromosome","CC"
"38","GO:0000243",1,0.997437587862081,0,12,"commitment complex","CC"
"39","GO:0000262",1,0.999801819415948,0,1,"mitochondrial chromosome","CC"
"40","GO:0000274",1,0.999800160100277,0,1,"mitochondrial proton-transporting ATP synthase, stator stalk","CC"
"41","GO:0000275",1,0.997575435068868,0,12,"mitochondrial proton-transporting ATP synthase complex, catalytic core F(1)","CC"
"42","GO:0000276",1,0.997904972156556,0,11,"mitochondrial proton-transporting ATP synthase complex, coupling factor F(o)","CC"
"43","GO:0000306",1,0.998712864836605,0,6,"extrinsic component of vacuolar membrane","CC"
"44","GO:0000307",1,0.990484509545386,0,46,"cyclin-dependent protein kinase holoenzyme complex","CC"
"45","GO:0000311",1,0.996883109631987,0,17,"plastid large ribosomal subunit","CC"
"46","GO:0000312",1,0.99731105659778,0,15,"plastid small ribosomal subunit","CC"
"47","GO:0000323",1,0.998728980163944,0,6,"lytic vacuole","CC"
"48","GO:0000325",1,0.985923913481254,0,64,"plant-type vacuole","CC"
"49","GO:0000326",1,0.998390445653257,0,8,"protein storage vacuole","CC"
"50","GO:0000327",1,0.999783469936817,0,1,"lytic vacuole within protein storage vacuole","CC"
"51","GO:0000333",1,0.999769578970491,0,1,"telomerase catalytic core complex","CC"
"52","GO:0000346",1,0.999785916037464,0,1,"transcription export complex","CC"
"53","GO:0000347",1,0.997380842265393,0,12,"THO complex","CC"
"54","GO:0000407",1,0.996685715669361,0,15,"phagophore assembly site","CC"
"55","GO:0000408",1,0.998993223462637,0,5,"EKC/KEOPS complex","CC"
"56","GO:0000417",1,0.999305495955891,0,3,"HIR complex","CC"
"57","GO:0000418",1,0.99656942961689,0,17,"RNA polymerase IV complex","CC"
"58","GO:0000419",1,0.995348277231142,0,23,"RNA polymerase V complex","CC"
"59","GO:0000421",1,0.996156727483523,0,19,"autophagosome membrane","CC"
"60","GO:0000427",1,0.998766568446092,0,6,"plastid-encoded plastid RNA polymerase complex","CC"
"61","GO:0000439",1,0.997171078731346,0,13,"transcription factor TFIIH core complex","CC"
"62","GO:0000445",1,0.99831177130598,0,8,"THO complex part of transcription export complex","CC"
"63","GO:0000502",1,0.979010043321048,0,101,"proteasome complex","CC"
"64","GO:0000506",1,0.998981826022255,0,5,"glycosylphosphatidylinositol-N-acetylglucosaminyltransferase (GPI-GnT) complex","CC"
"65","GO:0000775",1,0.992482151137682,0,35,"chromosome, centromeric region","CC"
"66","GO:0000776",1,0.996224300977319,0,18,"kinetochore","CC"
"67","GO:0000777",1,0.997650400482784,0,11,"condensed chromosome kinetochore","CC"
"68","GO:0000778",1,0.99808974245725,0,9,"condensed nuclear chromosome kinetochore","CC"
"69","GO:0000779",1,0.999768862635629,0,1,"condensed chromosome, centromeric region","CC"
"70","GO:0000780",1,0.998946070999721,0,5,"condensed nuclear chromosome, centromeric region","CC"
"71","GO:0000781",1,0.997833849943718,0,10,"chromosome, telomeric region","CC"
"72","GO:0000783",1,0.999127711139146,0,4,"nuclear telomere cap complex","CC"
"73","GO:0000784",1,0.993601004602717,0,30,"nuclear chromosome, telomeric region","CC"
"74","GO:0000785",1,0.982682421973126,0,79,"chromatin","CC"
"75","GO:0000786",1,0.990047379295945,0,52,"nucleosome","CC"
"76","GO:0000790",1,0.986430857440561,0,65,"nuclear chromatin","CC"
"77","GO:0000791",1,0.99912245238488,0,4,"euchromatin","CC"
"78","GO:0000792",1,0.99903681782246,0,5,"heterochromatin","CC"
"79","GO:0000793",1,0.998460821081494,0,7,"condensed chromosome","CC"
"80","GO:0000794",1,0.997335063925666,0,12,"condensed nuclear chromosome","CC"
"81","GO:0000795",1,0.998641117602012,0,6,"synaptonemal complex","CC"
"82","GO:0000796",1,0.999080281963061,0,4,"condensin complex","CC"
"83","GO:0000798",1,0.999326860038154,0,3,"nuclear cohesin complex","CC"
"84","GO:0000799",1,0.999544365515038,0,2,"nuclear condensin complex","CC"
"85","GO:0000808",1,0.998093878998784,0,9,"origin recognition complex","CC"
"86","GO:0000811",1,0.998786923542058,0,6,"GINS complex","CC"
"87","GO:0000812",1,0.998962968331963,0,5,"Swr1 complex","CC"
"88","GO:0000813",1,0.997608428303793,0,12,"ESCRT I complex","CC"
"89","GO:0000814",1,0.99836819936181,0,8,"ESCRT II complex","CC"
"90","GO:0000815",1,0.997434809229981,0,13,"ESCRT III complex","CC"
"91","GO:0000818",1,0.999604494678846,0,2,"nuclear MIS12/MIND complex","CC"
"92","GO:0000922",1,0.996448893528531,0,16,"spindle pole","CC"
"93","GO:0000923",1,0.998022554017553,0,9,"equatorial microtubule organizing center","CC"
"94","GO:0000930",1,0.997223060232298,0,13,"gamma-tubulin complex","CC"
"95","GO:0000932",1,0.981550843569356,0,87,"P-body","CC"
"96","GO:0000938",1,0.99768026747277,0,10,"GARP complex","CC"
"97","GO:0000940",1,0.999803744573145,0,1,"condensed chromosome outer kinetochore","CC"
"98","GO:0000943",1,0.999056967526487,0,5,"retrotransposon nucleocapsid","CC"
"99","GO:0000974",1,0.996384871501104,0,17,"Prp19 complex","CC"
"100","GO:0001401",1,0.99959064394415,0,2,"mitochondrial sorting and assembly machinery complex","CC"
"101","GO:0001405",1,0.998837871543683,0,6,"PAM complex, Tim23 associated import motor","CC"
"102","GO:0001673",1,0.999016237615405,0,5,"male germ cell nucleus","CC"
"103","GO:0002144",1,0.999794277939209,0,1,"cytosolic tRNA wobble base thiouridylase complex","CC"
"104","GO:0002189",1,0.998333301241283,0,8,"ribose phosphate diphosphokinase complex","CC"
"105","GO:0005575",1,0.920597550613103,0,422,"cellular_component","CC"
"106","GO:0005615",1,0.972217641177753,0,141,"extracellular space","CC"
"107","GO:0005618",1,0.881767391472028,0,604,"cell wall","CC"
"108","GO:0005622",1,0.947997014158803,0,257,"intracellular","CC"
"109","GO:0005623",1,0.978877431662618,0,101,"cell","CC"
"110","GO:0005635",1,0.979213191988038,0,97,"nuclear envelope","CC"
"111","GO:0005637",1,0.998964516900122,0,5,"nuclear inner membrane","CC"
"112","GO:0005640",1,0.999060173030821,0,5,"nuclear outer membrane","CC"
"113","GO:0005643",1,0.987400076956192,0,57,"nuclear pore","CC"
"114","GO:0005652",1,0.998430626163091,0,7,"nuclear lamina","CC"
"115","GO:0005655",1,0.99981891513049,0,1,"nucleolar ribonuclease P complex","CC"
"116","GO:0005656",1,0.999361533908656,0,3,"nuclear pre-replicative complex","CC"
"117","GO:0005657",1,0.998102097321327,0,9,"replication fork","CC"
"118","GO:0005658",1,0.998863032985367,0,5,"alpha DNA polymerase:primase complex","CC"
"119","GO:0005662",1,0.997222529072968,0,13,"DNA replication factor A complex","CC"
"120","GO:0005663",1,0.997343320312544,0,12,"DNA replication factor C complex","CC"
"121","GO:0005664",1,0.998093878998784,0,9,"nuclear origin of replication recognition complex","CC"
"122","GO:0005665",1,0.995535088606838,0,22,"RNA polymerase II, core complex","CC"
"123","GO:0005666",1,0.993525391116741,0,32,"RNA polymerase III complex","CC"
"124","GO:0005667",1,0.992638607516828,0,35,"transcription factor complex","CC"
"125","GO:0005668",1,0.999791346032475,0,1,"RNA polymerase transcription factor SL1 complex","CC"
"126","GO:0005669",1,0.994752502722262,0,25,"transcription factor TFIID complex","CC"
"127","GO:0005672",1,0.99939784435933,0,3,"transcription factor TFIIA complex","CC"
"128","GO:0005673",1,0.99870989098255,0,6,"transcription factor TFIIE complex","CC"
"129","GO:0005674",1,0.999803715200831,0,1,"transcription factor TFIIF complex","CC"
"130","GO:0005675",1,0.996736368502673,0,15,"transcription factor TFIIH holo complex","CC"
"131","GO:0005677",1,0.997192945495651,0,13,"chromatin silencing complex","CC"
"132","GO:0005680",1,0.99593190977946,0,19,"anaphase-promoting complex","CC"
"133","GO:0005681",1,0.968867905033474,0,150,"spliceosomal complex","CC"
"134","GO:0005682",1,0.994363303301222,0,28,"U5 snRNP","CC"
"135","GO:0005684",1,0.998935637911278,0,5,"U2-type spliceosomal complex","CC"
"136","GO:0005685",1,0.992769186625606,0,35,"U1 snRNP","CC"
"137","GO:0005686",1,0.992483734411786,0,38,"U2 snRNP","CC"
"138","GO:0005687",1,0.996890956474554,0,16,"U4 snRNP","CC"
"139","GO:0005688",1,0.997665675546379,0,12,"U6 snRNP","CC"
"140","GO:0005689",1,0.995296666307449,0,24,"U12-type spliceosomal complex","CC"
"141","GO:0005694",1,0.989396979908677,0,48,"chromosome","CC"
"142","GO:0005697",1,0.997770964021207,0,10,"telomerase holoenzyme complex","CC"
"143","GO:0005712",1,0.999549881835562,0,2,"chiasma","CC"
"144","GO:0005719",1,0.998219104528977,0,8,"nuclear euchromatin","CC"
"145","GO:0005720",1,0.997029377717362,0,14,"nuclear heterochromatin","CC"
"146","GO:0005721",1,0.999816895029671,0,1,"pericentric heterochromatin","CC"
"147","GO:0005730",1,0.890348837825659,0,553,"nucleolus","CC"
"148","GO:0005731",1,0.999610066546431,0,2,"nucleolus organizer region","CC"
"149","GO:0005732",1,0.991841626129476,0,42,"small nucleolar ribonucleoprotein complex","CC"
"150","GO:0005736",1,0.99655124615382,0,17,"RNA polymerase I complex","CC"
"151","GO:0005740",1,0.996479331230511,0,17,"mitochondrial envelope","CC"
"152","GO:0005741",1,0.99207702182969,0,38,"mitochondrial outer membrane","CC"
"153","GO:0005742",1,0.997498620706038,0,13,"mitochondrial outer membrane translocase complex","CC"
"154","GO:0005743",1,0.964059378291371,0,178,"mitochondrial inner membrane","CC"
"155","GO:0005744",1,0.994349189421364,0,29,"TIM23 mitochondrial import inner membrane translocase complex","CC"
"156","GO:0005746",1,0.998414164232269,0,8,"mitochondrial respiratory chain","CC"
"157","GO:0005747",1,0.98161793147691,0,93,"mitochondrial respiratory chain complex I","CC"
"158","GO:0005749",1,0.997229415370541,0,14,"mitochondrial respiratory chain complex II, succinate dehydrogenase complex (ubiquinone)","CC"
"159","GO:0005750",1,0.995197434545248,0,24,"mitochondrial respiratory chain complex III","CC"
"160","GO:0005751",1,0.9992244603722,0,4,"mitochondrial respiratory chain complex IV","CC"
"161","GO:0005753",1,0.995470130792028,0,23,"mitochondrial proton-transporting ATP synthase complex","CC"
"162","GO:0005754",1,0.999807836844417,0,1,"mitochondrial proton-transporting ATP synthase, catalytic core","CC"
"163","GO:0005758",1,0.994126506581261,0,30,"mitochondrial intermembrane space","CC"
"164","GO:0005759",1,0.975611538350004,0,117,"mitochondrial matrix","CC"
"165","GO:0005761",1,0.999419220760263,0,3,"mitochondrial ribosome","CC"
"166","GO:0005762",1,0.993753718177426,0,32,"mitochondrial large ribosomal subunit","CC"
"167","GO:0005763",1,0.996844964580256,0,16,"mitochondrial small ribosomal subunit","CC"
"168","GO:0005764",1,0.993369106898829,0,33,"lysosome","CC"
"169","GO:0005765",1,0.995547874298765,0,21,"lysosomal membrane","CC"
"170","GO:0005768",1,0.910892226472806,0,434,"endosome","CC"
"171","GO:0005769",1,0.991980401883569,0,38,"early endosome","CC"
"172","GO:0005770",1,0.990373286881159,0,45,"late endosome","CC"
"173","GO:0005771",1,0.996308485208692,0,18,"multivesicular body","CC"
"174","GO:0005773",1,0.839729073422369,0,820,"vacuole","CC"
"175","GO:0005774",1,0.858071266048393,0,720,"vacuolar membrane","CC"
"176","GO:0005775",1,0.998100910942457,0,9,"vacuolar lumen","CC"
"177","GO:0005776",1,0.994976111639148,0,24,"autophagosome","CC"
"178","GO:0005777",1,0.938149751472755,0,304,"peroxisome","CC"
"179","GO:0005778",1,0.989895462575392,0,49,"peroxisomal membrane","CC"
"180","GO:0005779",1,0.995696241202787,0,21,"integral component of peroxisomal membrane","CC"
"181","GO:0005782",1,0.998953701507507,0,5,"peroxisomal matrix","CC"
"182","GO:0005783",1,0.806468458219642,0,1011,"endoplasmic reticulum","CC"
"183","GO:0005784",1,0.99861295268629,0,7,"Sec61 translocon complex","CC"
"184","GO:0005785",1,0.999567423761264,0,2,"signal recognition particle receptor complex","CC"
"185","GO:0005786",1,0.996859631999053,0,15,"signal recognition particle, endoplasmic reticulum targeting","CC"
"186","GO:0005787",1,0.997854369766691,0,11,"signal peptidase complex","CC"
"187","GO:0005788",1,0.989266764675387,0,50,"endoplasmic reticulum lumen","CC"
"188","GO:0005789",1,0.896153155572237,0,519,"endoplasmic reticulum membrane","CC"
"189","GO:0005793",1,0.99640167095363,0,18,"endoplasmic reticulum-Golgi intermediate compartment","CC"
"190","GO:0005794",1,0.735348996026693,0,1421,"Golgi apparatus","CC"
"191","GO:0005795",1,0.993986240149482,0,28,"Golgi stack","CC"
"192","GO:0005796",1,0.999806249244037,0,1,"Golgi lumen","CC"
"193","GO:0005797",1,0.999156467829443,0,4,"Golgi medial cisterna","CC"
"194","GO:0005798",1,0.998368862388193,0,8,"Golgi-associated vesicle","CC"
"195","GO:0005801",1,0.997295205292924,0,13,"cis-Golgi network","CC"
"196","GO:0005802",1,0.908620261795326,0,442,"trans-Golgi network","CC"
"197","GO:0005811",1,0.995438696784106,0,22,"lipid droplet","CC"
"198","GO:0005813",1,0.990056472681733,0,47,"centrosome","CC"
"199","GO:0005814",1,0.999424720697017,0,3,"centriole","CC"
"200","GO:0005815",1,0.996543291283291,0,16,"microtubule organizing center","CC"
"201","GO:0005819",1,0.983958349586296,0,75,"spindle","CC"
"202","GO:0005828",1,0.997943709470928,0,10,"kinetochore microtubule","CC"
"203","GO:0005832",1,0.997839933367934,0,10,"chaperonin-containing T-complex","CC"
"204","GO:0005834",1,0.981157732779677,0,89,"heterotrimeric G-protein complex","CC"
"205","GO:0005835",1,0.999574220009756,0,2,"fatty acid synthase complex","CC"
"206","GO:0005838",1,0.999191637824153,0,4,"proteasome regulatory particle","CC"
"207","GO:0005839",1,0.993468963179764,0,32,"proteasome core complex","CC"
"208","GO:0005840",1,0.930632606084569,0,370,"ribosome","CC"
"209","GO:0005844",1,0.998009804453187,0,9,"polysome","CC"
"210","GO:0005845",1,0.998254398797106,0,8,"mRNA cap binding complex","CC"
"211","GO:0005846",1,0.999131504571514,0,4,"nuclear cap binding complex","CC"
"212","GO:0005847",1,0.997510545013257,0,11,"mRNA cleavage and polyadenylation specificity factor complex","CC"
"213","GO:0005848",1,0.99956902069188,0,2,"mRNA cleavage stimulating factor complex","CC"
"214","GO:0005849",1,0.99917015338042,0,4,"mRNA cleavage factor complex","CC"
"215","GO:0005850",1,0.999191399892008,0,4,"eukaryotic translation initiation factor 2 complex","CC"
"216","GO:0005851",1,0.996658282691238,0,16,"eukaryotic translation initiation factor 2B complex","CC"
"217","GO:0005852",1,0.994285689409715,0,27,"eukaryotic translation initiation factor 3 complex","CC"
"218","GO:0005853",1,0.999203705614531,0,4,"eukaryotic translation elongation factor 1 complex","CC"
"219","GO:0005854",1,0.998461557211937,0,8,"nascent polypeptide-associated complex","CC"
"220","GO:0005856",1,0.97621098419422,0,112,"cytoskeleton","CC"
"221","GO:0005868",1,0.999003131601284,0,5,"cytoplasmic dynein complex","CC"
"222","GO:0005872",1,0.999771087652141,0,1,"minus-end kinesin complex","CC"
"223","GO:0005875",1,0.993553318358838,0,30,"microtubule associated complex","CC"
"224","GO:0005876",1,0.996234810320543,0,18,"spindle microtubule","CC"
"225","GO:0005880",1,0.997020756782015,0,14,"nuclear microtubule","CC"
"226","GO:0005881",1,0.998115055003928,0,9,"cytoplasmic microtubule","CC"
"227","GO:0005884",1,0.994421729278548,0,25,"actin filament","CC"
"228","GO:0005885",1,0.99811282385617,0,9,"Arp2/3 protein complex","CC"
"229","GO:0005887",1,0.95717817846052,0,202,"integral component of plasma membrane","CC"
"230","GO:0005901",1,0.999405189589553,0,3,"caveola","CC"
"231","GO:0005905",1,0.994757564863625,0,25,"clathrin-coated pit","CC"
"232","GO:0005929",1,0.997359004374273,0,13,"cilium","CC"
"233","GO:0005938",1,0.993709928846306,0,29,"cell cortex","CC"
"234","GO:0005945",1,0.998281479360597,0,8,"6-phosphofructokinase complex","CC"
"235","GO:0005947",1,0.998959687622234,0,5,"mitochondrial alpha-ketoglutarate dehydrogenase complex","CC"
"236","GO:0005948",1,0.999095416151995,0,4,"acetolactate synthase complex","CC"
"237","GO:0005950",1,0.999130123391019,0,4,"anthranilate synthase complex","CC"
"238","GO:0005951",1,0.999564445697735,0,2,"carbamoyl-phosphate synthase complex","CC"
"239","GO:0005953",1,0.999591877991703,0,2,"CAAX-protein geranylgeranyltransferase complex","CC"
"240","GO:0005955",1,0.999339587884297,0,3,"calcineurin complex","CC"
"241","GO:0005956",1,0.997385276216337,0,13,"protein kinase CK2 complex","CC"
"242","GO:0005960",1,0.998970323224395,0,5,"glycine cleavage complex","CC"
"243","GO:0005965",1,0.999362156687869,0,3,"protein farnesyltransferase complex","CC"
"244","GO:0005968",1,0.998528341236824,0,7,"Rab-protein geranylgeranyltransferase complex","CC"
"245","GO:0005971",1,0.999558936285918,0,2,"ribonucleoside-diphosphate reductase complex","CC"
"246","GO:0008023",1,0.99848900850207,0,7,"transcription elongation factor complex","CC"
"247","GO:0008024",1,0.997826160412204,0,10,"cyclin/CDK positive transcription elongation factor complex","CC"
"248","GO:0008076",1,0.998754433104678,0,6,"voltage-gated potassium channel complex","CC"
"249","GO:0008180",1,0.996248543954392,0,18,"COP9 signalosome","CC"
"250","GO:0008250",1,0.997137186421329,0,14,"oligosaccharyltransferase complex","CC"
"251","GO:0008274",1,0.998602871140578,0,7,"gamma-tubulin ring complex","CC"
"252","GO:0008275",1,0.999318927200079,0,3,"gamma-tubulin small complex","CC"
"253","GO:0008278",1,0.998143544892386,0,8,"cohesin complex","CC"
"254","GO:0008287",1,0.998551801313328,0,7,"protein serine/threonine phosphatase complex","CC"
"255","GO:0008290",1,0.999586266434646,0,2,"F-actin capping protein complex","CC"
"256","GO:0008305",1,0.999576019668731,0,2,"integrin complex","CC"
"257","GO:0008352",1,0.997922557634719,0,9,"katanin complex","CC"
"258","GO:0008540",1,0.99586070244386,0,19,"proteasome regulatory particle, base subcomplex","CC"
"259","GO:0008541",1,0.994828428398733,0,25,"proteasome regulatory particle, lid subcomplex","CC"
"260","GO:0008622",1,0.998948745207852,0,5,"epsilon DNA polymerase complex","CC"
"261","GO:0008623",1,0.999603716007212,0,2,"CHRAC","CC"
"262","GO:0009295",1,0.991308948528296,0,42,"nucleoid","CC"
"263","GO:0009317",1,0.998744433231143,0,6,"acetyl-CoA carboxylase complex","CC"
"264","GO:0009328",1,0.999553500198563,0,2,"phenylalanine-tRNA ligase complex","CC"
"265","GO:0009329",1,0.99980827258336,0,1,"acetate CoA-transferase complex","CC"
"266","GO:0009330",1,0.99908272902555,0,4,"DNA topoisomerase complex (ATP-hydrolyzing)","CC"
"267","GO:0009331",1,0.99810772506521,0,9,"glycerol-3-phosphate dehydrogenase complex","CC"
"268","GO:0009344",1,0.999814668016853,0,1,"nitrite reductase complex [NAD(P)H]","CC"
"269","GO:0009346",1,0.998046907120251,0,9,"citrate lyase complex","CC"
"270","GO:0009349",1,0.999800160100277,0,1,"riboflavin synthase complex","CC"
"271","GO:0009360",1,0.999541326817096,0,2,"DNA polymerase III complex","CC"
"272","GO:0009368",1,0.997737224276354,0,11,"endopeptidase Clp complex","CC"
"273","GO:0009501",1,0.996507831711918,0,16,"amyloplast","CC"
"274","GO:0009504",1,0.986964373277953,0,61,"cell plate","CC"
"275","GO:0009505",1,0.925910451232032,0,369,"plant-type cell wall","CC"
"276","GO:0009508",1,0.995480912651011,0,22,"plastid chromosome","CC"
"277","GO:0009509",1,0.999148821709098,0,4,"chromoplast","CC"
"278","GO:0009510",1,0.999398924685506,0,3,"plasmodesmatal desmotubule","CC"
"279","GO:0009511",1,0.999779901345561,0,1,"plasmodesmatal endoplasmic reticulum","CC"
"280","GO:0009512",1,0.99906104536977,0,5,"cytochrome b6f complex","CC"
"281","GO:0009513",1,0.999203066356802,0,4,"etioplast","CC"
"282","GO:0009514",1,0.997124569934462,0,13,"glyoxysome","CC"
"283","GO:0009515",1,0.999628146204955,0,2,"granal stacked thylakoid","CC"
"284","GO:0009516",1,0.999555475962477,0,2,"leucoplast","CC"
"285","GO:0009517",1,0.99861842265627,0,7,"PSII associated light-harvesting complex II","CC"
"286","GO:0009522",1,0.994671447106221,0,28,"photosystem I","CC"
"287","GO:0009523",1,0.993908036464175,0,32,"photosystem II","CC"
"288","GO:0009524",1,0.9741762922012,0,119,"phragmoplast","CC"
"289","GO:0009526",1,0.998261975835002,0,8,"plastid envelope","CC"
"290","GO:0009527",1,0.997647440485074,0,12,"plastid outer membrane","CC"
"291","GO:0009528",1,0.99917517743483,0,4,"plastid inner membrane","CC"
"292","GO:0009530",1,0.998793924471161,0,6,"primary cell wall","CC"
"293","GO:0009531",1,0.997897980215955,0,10,"secondary cell wall","CC"
"294","GO:0009532",1,0.994111941254897,0,28,"plastid stroma","CC"
"295","GO:0009533",1,0.9973890042295,0,13,"chloroplast stromal thylakoid","CC"
"296","GO:0009534",1,0.950717673144575,0,251,"chloroplast thylakoid","CC"
"297","GO:0009535",1,0.91410213345689,0,445,"chloroplast thylakoid membrane","CC"
"298","GO:0009536",1,0.915108762274448,0,421,"plastid","CC"
"299","GO:0009537",1,0.999803156942316,0,1,"proplastid","CC"
"300","GO:0009538",1,0.998089850623859,0,10,"photosystem I reaction center","CC"
"301","GO:0009539",1,0.999065445188736,0,5,"photosystem II reaction center","CC"
"302","GO:0009543",1,0.982574541432353,0,88,"chloroplast thylakoid lumen","CC"
"303","GO:0009544",1,0.99905293616145,0,5,"chloroplast ATP synthase complex","CC"
"304","GO:0009547",1,0.999446357303769,0,3,"plastid ribosome","CC"
"305","GO:0009551",1,0.999781818902069,0,1,"secondary plasmodesma","CC"
"306","GO:0009569",1,0.998701873079828,0,6,"chloroplast starch grain","CC"
"307","GO:0009570",1,0.835892323502412,0,850,"chloroplast stroma","CC"
"308","GO:0009571",1,0.999791955742269,0,1,"proplastid stroma","CC"
"309","GO:0009573",1,0.999431564091778,0,3,"chloroplast ribulose bisphosphate carboxylase complex","CC"
"310","GO:0009574",1,0.993702070218673,0,29,"preprophase band","CC"
"311","GO:0009575",1,0.999798813272082,0,1,"chromoplast stroma","CC"
"312","GO:0009579",1,0.953452074704937,0,240,"thylakoid","CC"
"313","GO:0009654",1,0.996535243779962,0,18,"photosystem II oxygen evolving complex","CC"
"314","GO:0009705",1,0.969616914164724,0,145,"plant-type vacuole membrane","CC"
"315","GO:0009706",1,0.9790561915217,0,101,"chloroplast inner membrane","CC"
"316","GO:0009707",1,0.986793735463892,0,64,"chloroplast outer membrane","CC"
"317","GO:0009782",1,0.999420135865407,0,3,"photosystem I antenna complex","CC"
"318","GO:0009783",1,0.999611774946697,0,2,"photosystem II antenna complex","CC"
"319","GO:0009840",1,0.997370925628704,0,13,"chloroplastic endopeptidase Clp complex","CC"
"320","GO:0009897",1,0.999360976458705,0,3,"external side of plasma membrane","CC"
"321","GO:0009898",1,0.998064306916354,0,9,"cytoplasmic side of plasma membrane","CC"
"322","GO:0009923",1,0.999184253223403,0,4,"fatty acid elongase complex","CC"
"323","GO:0009925",1,0.998514651210596,0,7,"basal plasma membrane","CC"
"324","GO:0009930",1,0.999784175666294,0,1,"longitudinal side of cell surface","CC"
"325","GO:0009986",1,0.995956602758882,0,19,"cell surface","CC"
"326","GO:0010005",1,0.996533897578316,0,17,"cortical microtubule, transverse to long axis","CC"
"327","GO:0010006",1,0.999344907218582,0,3,"Toc complex","CC"
"328","GO:0010007",1,0.999149978240671,0,4,"magnesium chelatase complex","CC"
"329","GO:0010008",1,0.97521205617445,0,116,"endosome membrane","CC"
"330","GO:0010009",1,0.99938088431675,0,3,"cytoplasmic side of endosome membrane","CC"
"331","GO:0010168",1,0.995929444760389,0,19,"ER body","CC"
"332","GO:0010170",1,0.9997842724123,0,1,"glucose-1-phosphate adenylyltransferase complex","CC"
"333","GO:0010240",1,0.99979217852377,0,1,"plastid pyruvate dehydrogenase complex","CC"
"334","GO:0010287",1,0.981465787890584,0,93,"plastoglobule","CC"
"335","GO:0010317",1,0.99954606606879,0,2,"pyrophosphate-dependent phosphofructokinase complex, alpha-subunit complex","CC"
"336","GO:0010318",1,0.999552722548718,0,2,"pyrophosphate-dependent phosphofructokinase complex, beta-subunit complex","CC"
"337","GO:0010319",1,0.989893034365176,0,49,"stromule","CC"
"338","GO:0010330",1,0.998678341213422,0,6,"cellulose synthase complex","CC"
"339","GO:0010368",1,0.999537622557082,0,2,"chloroplast isoamylase complex","CC"
"340","GO:0010369",1,0.996355469347549,0,17,"chromocenter","CC"
"341","GO:0010370",1,0.999616453474637,0,2,"perinucleolar chromocenter","CC"
"342","GO:0010445",1,0.996328303301995,0,17,"nuclear dicing body","CC"
"343","GO:0010494",1,0.995815627500956,0,19,"cytoplasmic stress granule","CC"
"344","GO:0010598",1,0.998650167590033,0,7,"NAD(P)H dehydrogenase complex (plastoquinone)","CC"
"345","GO:0012505",1,0.979536851641123,0,99,"endomembrane system","CC"
"346","GO:0012506",1,0.999780279428438,0,1,"vesicle membrane","CC"
"347","GO:0012507",1,0.996405733106791,0,17,"ER to Golgi transport vesicle membrane","CC"
"348","GO:0012510",1,0.999307199278891,0,3,"trans-Golgi network transport vesicle membrane","CC"
"349","GO:0012511",1,0.99822936132519,0,9,"monolayer-surrounded lipid storage body","CC"
"350","GO:0015030",1,0.994461688139506,0,27,"Cajal body","CC"
"351","GO:0015629",1,0.992252415127482,0,40,"actin cytoskeleton","CC"
"352","GO:0015630",1,0.997633343230773,0,11,"microtubule cytoskeleton","CC"
"353","GO:0015934",1,0.98769109362541,0,64,"large ribosomal subunit","CC"
"354","GO:0015935",1,0.994282122419296,0,30,"small ribosomal subunit","CC"
"355","GO:0016020",1,0.615763190272779,0,2227,"membrane","CC"
"356","GO:0016035",1,0.999525566027798,0,2,"zeta DNA polymerase complex","CC"
"357","GO:0016272",1,0.997653734603745,0,12,"prefoldin complex","CC"
"358","GO:0016281",1,0.99728454201739,0,13,"eukaryotic translation initiation factor 4F complex","CC"
"359","GO:0016282",1,0.999576422532336,0,2,"eukaryotic 43S preinitiation complex","CC"
"360","GO:0016324",1,0.996838855175937,0,15,"apical plasma membrane","CC"
"361","GO:0016328",1,0.998691685905832,0,6,"lateral plasma membrane","CC"
"362","GO:0016363",1,0.995363399832473,0,21,"nuclear matrix","CC"
"363","GO:0016442",1,0.997007267560901,0,13,"RISC complex","CC"
"364","GO:0016459",1,0.994849549803889,0,22,"myosin complex","CC"
"365","GO:0016461",1,0.998819834077802,0,5,"unconventional myosin complex","CC"
"366","GO:0016469",1,0.999613752034406,0,2,"proton-transporting two-sector ATPase complex","CC"
"367","GO:0016471",1,0.998300712988812,0,8,"vacuolar proton-transporting V-type ATPase complex","CC"
"368","GO:0016514",1,0.998505059188083,0,7,"SWI/SNF complex","CC"
"369","GO:0016589",1,0.99930510897147,0,3,"NURF complex","CC"
"370","GO:0016591",1,0.998926177037403,0,5,"RNA polymerase II, holoenzyme","CC"
"371","GO:0016592",1,0.98814775322247,0,58,"mediator complex","CC"
"372","GO:0016593",1,0.99692822989976,0,14,"Cdc73/Paf1 complex","CC"
"373","GO:0016602",1,0.99554138651273,0,22,"CCAAT-binding factor complex","CC"
"374","GO:0016604",1,0.994595589693026,0,25,"nuclear body","CC"
"375","GO:0016605",1,0.998473967075168,0,7,"PML body","CC"
"376","GO:0016607",1,0.961176009082204,0,185,"nuclear speck","CC"
"377","GO:0017053",1,0.998623259641472,0,6,"transcriptional repressor complex","CC"
"378","GO:0017087",1,0.998904370360885,0,5,"mitochondrial processing peptidase complex","CC"
"379","GO:0017101",1,0.998292986075814,0,8,"aminoacyl-tRNA synthetase multienzyme complex","CC"
"380","GO:0017102",1,0.999593194159299,0,2,"methionyl glutamyl tRNA synthetase complex","CC"
"381","GO:0017119",1,0.995986822380725,0,18,"Golgi transport complex","CC"
"382","GO:0018444",1,0.998503538307186,0,7,"translation release factor complex","CC"
"383","GO:0019005",1,0.980229430862435,0,96,"SCF ubiquitin ligase complex","CC"
"384","GO:0019008",1,0.999582548792899,0,2,"molybdopterin synthase complex","CC"
"385","GO:0019034",1,0.999788080304947,0,1,"viral replication complex","CC"
"386","GO:0019185",1,0.998928659012141,0,5,"snRNA-activating protein complex","CC"
"387","GO:0019773",1,0.99653720279437,0,17,"proteasome core complex, alpha-subunit complex","CC"
"388","GO:0019822",1,0.999593736787817,0,2,"P4 peroxisome","CC"
"389","GO:0019866",1,0.999779963922841,0,1,"organelle inner membrane","CC"
"390","GO:0019867",1,0.999596297942172,0,2,"outer membrane","CC"
"391","GO:0019897",1,0.998823176410622,0,6,"extrinsic component of plasma membrane","CC"
"392","GO:0019898",1,0.9917645094378,0,40,"extrinsic component of membrane","CC"
"393","GO:0022625",1,0.966884366128043,0,174,"cytosolic large ribosomal subunit","CC"
"394","GO:0022626",1,0.951299602487236,0,251,"cytosolic ribosome","CC"
"395","GO:0022627",1,0.975377157829473,0,129,"cytosolic small ribosomal subunit","CC"
"396","GO:0030008",1,0.999210967592762,0,4,"TRAPP complex","CC"
"397","GO:0030014",1,0.99853645974446,0,7,"CCR4-NOT complex","CC"
"398","GO:0030015",1,0.996787736611535,0,16,"CCR4-NOT core complex","CC"
"399","GO:0030054",1,0.999776105120744,0,1,"cell junction","CC"
"400","GO:0030076",1,0.996164129544288,0,20,"light-harvesting complex","CC"
"401","GO:0030089",1,0.999377748642641,0,3,"phycobilisome","CC"
"402","GO:0030093",1,0.999435178584556,0,3,"chloroplast photosystem I","CC"
"403","GO:0030095",1,0.996933969309377,0,16,"chloroplast photosystem II","CC"
"404","GO:0030096",1,0.999814109832698,0,1,"plasma membrane-derived thylakoid photosystem II","CC"
"405","GO:0030117",1,0.997087821622316,0,13,"membrane coat","CC"
"406","GO:0030119",1,0.999551724152947,0,2,"AP-type membrane coat adaptor complex","CC"
"407","GO:0030121",1,0.999069553658047,0,4,"AP-1 adaptor complex","CC"
"408","GO:0030122",1,0.998583108593639,0,6,"AP-2 adaptor complex","CC"
"409","GO:0030123",1,0.998917871116711,0,5,"AP-3 adaptor complex","CC"
"410","GO:0030124",1,0.998914335730793,0,5,"AP-4 adaptor complex","CC"
"411","GO:0030125",1,0.995497240424231,0,22,"clathrin vesicle coat","CC"
"412","GO:0030126",1,0.992725523663986,0,33,"COPI vesicle coat","CC"
"413","GO:0030127",1,0.996082086286184,0,18,"COPII vesicle coat","CC"
"414","GO:0030130",1,0.999123319191989,0,4,"clathrin coat of trans-Golgi network vesicle","CC"
"415","GO:0030131",1,0.996917168978804,0,14,"clathrin adaptor complex","CC"
"416","GO:0030132",1,0.999123319191989,0,4,"clathrin coat of coated pit","CC"
"417","GO:0030133",1,0.999566751907824,0,2,"transport vesicle","CC"
"418","GO:0030134",1,0.996423457536256,0,18,"COPII-coated ER to Golgi transport vesicle","CC"
"419","GO:0030136",1,0.992400947089196,0,35,"clathrin-coated vesicle","CC"
"420","GO:0030137",1,0.999559267557479,0,2,"COPI-coated vesicle","CC"
"421","GO:0030139",1,0.998724325037662,0,6,"endocytic vesicle","CC"
"422","GO:0030140",1,0.997709381401198,0,11,"trans-Golgi network transport vesicle","CC"
"423","GO:0030142",1,0.999786118079994,0,1,"COPI-coated Golgi to ER transport vesicle","CC"
"424","GO:0030173",1,0.990017875257592,0,48,"integral component of Golgi membrane","CC"
"425","GO:0030176",1,0.988147706489935,0,57,"integral component of endoplasmic reticulum membrane","CC"
"426","GO:0030286",1,0.998795496715169,0,6,"dynein complex","CC"
"427","GO:0030289",1,0.999345067050167,0,3,"protein phosphatase 4 complex","CC"
"428","GO:0030427",1,0.9993975375136,0,3,"site of polarized growth","CC"
"429","GO:0030479",1,0.999789598945866,0,1,"actin cortical patch","CC"
"430","GO:0030658",1,0.99834910635237,0,8,"transport vesicle membrane","CC"
"431","GO:0030659",1,0.99567707106935,0,20,"cytoplasmic vesicle membrane","CC"
"432","GO:0030660",1,0.998444906222804,0,7,"Golgi-associated vesicle membrane","CC"
"433","GO:0030663",1,0.997666280450321,0,10,"COPI-coated vesicle membrane","CC"
"434","GO:0030665",1,0.996290200816697,0,17,"clathrin-coated vesicle membrane","CC"
"435","GO:0030677",1,0.999799164112093,0,1,"ribonuclease P complex","CC"
"436","GO:0030686",1,0.998805841945833,0,6,"90S preribosome","CC"
"437","GO:0030687",1,0.996082177235864,0,19,"preribosome, large subunit precursor","CC"
"438","GO:0030688",1,0.997940763772118,0,10,"preribosome, small subunit precursor","CC"
"439","GO:0030690",1,0.999776379386266,0,1,"Noc1p-Noc2p complex","CC"
"440","GO:0030691",1,0.999776379386266,0,1,"Noc2p-Noc3p complex","CC"
"441","GO:0030692",1,0.999778318528701,0,1,"Noc4p-Nop14p complex","CC"
"442","GO:0030863",1,0.999794391814212,0,1,"cortical cytoskeleton","CC"
"443","GO:0030864",1,0.999356609904843,0,3,"cortical actin cytoskeleton","CC"
"444","GO:0030870",1,0.999086210046578,0,4,"Mre11 complex","CC"
"445","GO:0030875",1,0.998007724612162,0,9,"rDNA protrusion","CC"
"446","GO:0030880",1,0.999530491765795,0,2,"RNA polymerase complex","CC"
"447","GO:0030896",1,0.999615146396531,0,2,"checkpoint clamp complex","CC"
"448","GO:0030897",1,0.997999044192632,0,9,"HOPS complex","CC"
"449","GO:0030904",1,0.996607429663571,0,16,"retromer complex","CC"
"450","GO:0030906",1,0.99953841405296,0,2,"retromer, cargo-selective complex","CC"
"451","GO:0030915",1,0.998477372734534,0,7,"Smc5-Smc6 complex","CC"
"452","GO:0030931",1,0.999792304080991,0,1,"heterotetrameric ADPG pyrophosphorylase complex","CC"
"453","GO:0030964",1,0.999298060543918,0,4,"NADH dehydrogenase complex","CC"
"454","GO:0030981",1,0.999345244554765,0,3,"cortical microtubule cytoskeleton","CC"
"455","GO:0031011",1,0.99674403355616,0,15,"Ino80 complex","CC"
"456","GO:0031012",1,0.996908174303803,0,16,"extracellular matrix","CC"
"457","GO:0031019",1,0.999787935808052,0,1,"mitochondrial mRNA editing complex","CC"
"458","GO:0031021",1,0.999443614020427,0,3,"interphase microtubule organizing center","CC"
"459","GO:0031080",1,0.998510942190422,0,7,"nuclear pore outer ring","CC"
"460","GO:0031083",1,0.999433824674742,0,3,"BLOC-1 complex","CC"
"461","GO:0031090",1,0.999125105633308,0,4,"organelle membrane","CC"
"462","GO:0031201",1,0.986311225238642,0,68,"SNARE complex","CC"
"463","GO:0031205",1,0.998684074026625,0,7,"endoplasmic reticulum Sec complex","CC"
"464","GO:0031207",1,0.999118314263873,0,4,"Sec62/Sec63 complex","CC"
"465","GO:0031209",1,0.996465966769904,0,16,"SCAR complex","CC"
"466","GO:0031225",1,0.955264345399451,0,232,"anchored component of membrane","CC"
"467","GO:0031226",1,0.999554464404775,0,2,"intrinsic component of plasma membrane","CC"
"468","GO:0031227",1,0.999392894386945,0,3,"intrinsic component of endoplasmic reticulum membrane","CC"
"469","GO:0031234",1,0.99916913806103,0,4,"extrinsic component of cytoplasmic side of plasma membrane","CC"
"470","GO:0031261",1,0.999339022177419,0,3,"DNA replication preinitiation complex","CC"
"471","GO:0031262",1,0.999576348212819,0,2,"Ndc80 complex","CC"
"472","GO:0031298",1,0.998092618411141,0,9,"replication fork protection complex","CC"
"473","GO:0031303",1,0.999815054102064,0,1,"integral component of endosome membrane","CC"
"474","GO:0031304",1,0.999360459999918,0,3,"intrinsic component of mitochondrial inner membrane","CC"
"475","GO:0031305",1,0.993296196513486,0,33,"integral component of mitochondrial inner membrane","CC"
"476","GO:0031307",1,0.994401329582596,0,26,"integral component of mitochondrial outer membrane","CC"
"477","GO:0031314",1,0.998739670062706,0,6,"extrinsic component of mitochondrial inner membrane","CC"
"478","GO:0031351",1,0.99980007211977,0,1,"integral component of plastid membrane","CC"
"479","GO:0031357",1,0.998942608272455,0,5,"integral component of chloroplast inner membrane","CC"
"480","GO:0031359",1,0.996105322928599,0,19,"integral component of chloroplast outer membrane","CC"
"481","GO:0031361",1,0.999616039111616,0,2,"integral component of thylakoid membrane","CC"
"482","GO:0031372",1,0.997040534272815,0,15,"UBC13-MMS2 complex","CC"
"483","GO:0031380",1,0.998632262472969,0,6,"nuclear RNA-directed RNA polymerase complex","CC"
"484","GO:0031390",1,0.999805328342627,0,1,"Ctf18 RFC-like complex","CC"
"485","GO:0031410",1,0.99332028099253,0,32,"cytoplasmic vesicle","CC"
"486","GO:0031415",1,0.999183603575162,0,4,"NatA complex","CC"
"487","GO:0031416",1,0.999566745816444,0,2,"NatB complex","CC"
"488","GO:0031417",1,0.999589731810089,0,2,"NatC complex","CC"
"489","GO:0031422",1,0.99977865810092,0,1,"RecQ helicase-Topo III complex","CC"
"490","GO:0031428",1,0.998548472232559,0,7,"box C/D snoRNP complex","CC"
"491","GO:0031429",1,0.998835023892302,0,6,"box H/ACA snoRNP complex","CC"
"492","GO:0031436",1,0.999771402124814,0,1,"BRCA1-BARD1 complex","CC"
"493","GO:0031461",1,0.997225986117152,0,13,"cullin-RING ubiquitin ligase complex","CC"
"494","GO:0031462",1,0.999803906099806,0,1,"Cul2-RING ubiquitin ligase complex","CC"
"495","GO:0031463",1,0.999403199917519,0,3,"Cul3-RING ubiquitin ligase complex","CC"
"496","GO:0031464",1,0.99810064272655,0,9,"Cul4A-RING E3 ubiquitin ligase complex","CC"
"497","GO:0031467",1,0.999803906099806,0,1,"Cul7-RING ubiquitin ligase complex","CC"
"498","GO:0031499",1,0.999781295614391,0,1,"TRAMP complex","CC"
"499","GO:0031501",1,0.999789936868602,0,1,"mannosyltransferase complex","CC"
"500","GO:0031510",1,0.99913894121254,0,4,"SUMO activating enzyme complex","CC"
"501","GO:0031511",1,0.99955327581333,0,2,"Mis6-Sim4 complex","CC"
"502","GO:0031514",1,0.999804331747185,0,1,"motile cilium","CC"
"503","GO:0031515",1,0.999582895357054,0,2,"tRNA (m1A) methyltransferase complex","CC"
"504","GO:0031519",1,0.997785104115921,0,10,"PcG protein complex","CC"
"505","GO:0031520",1,0.99977084201571,0,1,"plasma membrane of cell tip","CC"
"506","GO:0031588",1,0.998773414625473,0,6,"nucleotide-activated protein kinase complex","CC"
"507","GO:0031595",1,0.998693787934424,0,6,"nuclear proteasome complex","CC"
"508","GO:0031597",1,0.998314032138122,0,8,"cytosolic proteasome complex","CC"
"509","GO:0031616",1,0.99937078817665,0,3,"spindle pole centrosome","CC"
"510","GO:0031618",1,0.999775314027589,0,1,"nuclear pericentric heterochromatin","CC"
"511","GO:0031897",1,0.998434247250993,0,7,"Tic complex","CC"
"512","GO:0031901",1,0.994918429091625,0,25,"early endosome membrane","CC"
"513","GO:0031902",1,0.984727941548334,0,73,"late endosome membrane","CC"
"514","GO:0031931",1,0.998646230209805,0,6,"TORC1 complex","CC"
"515","GO:0031932",1,0.999352102591241,0,3,"TORC2 complex","CC"
"516","GO:0031965",1,0.987183845133395,0,59,"nuclear membrane","CC"
"517","GO:0031966",1,0.985797138224782,0,72,"mitochondrial membrane","CC"
"518","GO:0031969",1,0.962002432844257,0,182,"chloroplast membrane","CC"
"519","GO:0031972",1,0.999389621534874,0,3,"chloroplast intermembrane space","CC"
"520","GO:0031977",1,0.988449647869456,0,58,"thylakoid lumen","CC"
"521","GO:0031981",1,0.999789882688582,0,1,"nuclear lumen","CC"
"522","GO:0031982",1,0.994645664007857,0,25,"vesicle","CC"
"523","GO:0031985",1,0.998863096833885,0,5,"Golgi cisterna","CC"
"524","GO:0032039",1,0.999770464696771,0,1,"integrator complex","CC"
"525","GO:0032040",1,0.99023907821703,0,46,"small-subunit processome","CC"
"526","GO:0032044",1,0.999147236338408,0,4,"DSIF complex","CC"
"527","GO:0032116",1,0.999772290491019,0,1,"SMC loading complex","CC"
"528","GO:0032133",1,0.99937078817665,0,3,"chromosome passenger complex","CC"
"529","GO:0032153",1,0.998768158095264,0,6,"cell division site","CC"
"530","GO:0032299",1,0.999181303011806,0,4,"ribonuclease H2 complex","CC"
"531","GO:0032300",1,0.996574239508863,0,15,"mismatch repair complex","CC"
"532","GO:0032301",1,0.999074843033205,0,4,"MutSalpha complex","CC"
"533","GO:0032302",1,0.999540254746379,0,2,"MutSbeta complex","CC"
"534","GO:0032389",1,0.999093987795131,0,4,"MutLalpha complex","CC"
"535","GO:0032432",1,0.998654179642538,0,6,"actin filament bundle","CC"
"536","GO:0032541",1,0.998334071872058,0,8,"cortical endoplasmic reticulum","CC"
"537","GO:0032545",1,0.999534989099245,0,2,"CURI complex","CC"
"538","GO:0032580",1,0.991985730911047,0,39,"Golgi cisterna membrane","CC"
"539","GO:0032585",1,0.997521639517935,0,12,"multivesicular body membrane","CC"
"540","GO:0032586",1,0.997880334148254,0,10,"protein storage vacuole membrane","CC"
"541","GO:0032587",1,0.999372057057011,0,3,"ruffle membrane","CC"
"542","GO:0032588",1,0.99617999201477,0,18,"trans-Golgi network membrane","CC"
"543","GO:0032592",1,0.999194104938481,0,4,"integral component of mitochondrial membrane","CC"
"544","GO:0032777",1,0.999111129984014,0,4,"Piccolo NuA4 histone acetyltransferase complex","CC"
"545","GO:0032783",1,0.999601960582121,0,2,"ELL-EAF complex","CC"
"546","GO:0032797",1,0.999152698045013,0,4,"SMN complex","CC"
"547","GO:0032807",1,0.999539003138972,0,2,"DNA ligase IV complex","CC"
"548","GO:0032991",1,0.995058957070599,0,23,"protein-containing complex","CC"
"549","GO:0032993",1,0.999600003185009,0,2,"protein-DNA complex","CC"
"550","GO:0033017",1,0.999760750064799,0,1,"sarcoplasmic reticulum membrane","CC"
"551","GO:0033063",1,0.999184590636734,0,4,"Rad51B-Rad51C-Rad51D-XRCC2 complex","CC"
"552","GO:0033065",1,0.999603612784229,0,2,"Rad51C-XRCC3 complex","CC"
"553","GO:0033106",1,0.999792737857732,0,1,"cis-Golgi network membrane","CC"
"554","GO:0033116",1,0.998087793717565,0,9,"endoplasmic reticulum-Golgi intermediate compartment membrane","CC"
"555","GO:0033176",1,0.99980243675779,0,1,"proton-transporting V-type ATPase complex","CC"
"556","GO:0033178",1,0.999406309667329,0,3,"proton-transporting two-sector ATPase complex, catalytic domain","CC"
"557","GO:0033179",1,0.997431553375195,0,13,"proton-transporting V-type ATPase, V0 domain","CC"
"558","GO:0033180",1,0.998219465825134,0,8,"proton-transporting V-type ATPase, V1 domain","CC"
"559","GO:0033185",1,0.999192693403211,0,4,"dolichol-phosphate-mannose synthase complex","CC"
"560","GO:0033186",1,0.999112293440992,0,4,"CAF-1 complex","CC"
"561","GO:0033263",1,0.998671381239886,0,6,"CORVET complex","CC"
"562","GO:0033281",1,0.999219572041122,0,4,"TAT protein transport complex","CC"
"563","GO:0033290",1,0.999596016064288,0,2,"eukaryotic 48S preinitiation complex","CC"
"564","GO:0033588",1,0.998722409347034,0,6,"Elongator holoenzyme complex","CC"
"565","GO:0033597",1,0.998959588548516,0,5,"mitotic checkpoint complex","CC"
"566","GO:0034045",1,0.996809229416162,0,15,"phagophore assembly site membrane","CC"
"567","GO:0034066",1,0.999817251134875,0,1,"RIC1-RGP1 guanyl-nucleotide exchange factor complex","CC"
"568","GO:0034098",1,0.999336475989838,0,3,"VCP-NPL4-UFD1 AAA ATPase complex","CC"
"569","GO:0034245",1,0.999071230810857,0,4,"mitochondrial DNA-directed RNA polymerase complex","CC"
"570","GO:0034271",1,0.998874663082373,0,5,"phosphatidylinositol 3-kinase complex, class III, type I","CC"
"571","GO:0034272",1,0.998874663082373,0,5,"phosphatidylinositol 3-kinase complex, class III, type II","CC"
"572","GO:0034274",1,0.999396406062997,0,3,"Atg12-Atg5-Atg16 complex","CC"
"573","GO:0034388",1,0.998442909850147,0,7,"Pwp2p-containing subcomplex of 90S preribosome","CC"
"574","GO:0034399",1,0.995510477986371,0,20,"nuclear periphery","CC"
"575","GO:0034426",1,0.999807007511651,0,1,"etioplast membrane","CC"
"576","GO:0034448",1,0.999798784054036,0,1,"EGO complex","CC"
"577","GO:0034455",1,0.999772256797681,0,1,"t-UTP complex","CC"
"578","GO:0034456",1,0.999534989099245,0,2,"UTP-C complex","CC"
"579","GO:0034457",1,0.999164768846561,0,4,"Mpp10 complex","CC"
"580","GO:0034515",1,0.999075786346972,0,4,"proteasome storage granule","CC"
"581","GO:0034657",1,0.998753093716822,0,6,"GID complex","CC"
"582","GO:0034663",1,0.998681495897807,0,6,"endoplasmic reticulum chaperone complex","CC"
"583","GO:0034707",1,0.997321576944908,0,12,"chloride channel complex","CC"
"584","GO:0034709",1,0.999801099453266,0,1,"methylosome","CC"
"585","GO:0034715",1,0.999039774603534,0,5,"pICln-Sm protein complex","CC"
"586","GO:0034719",1,0.998862712725611,0,6,"SMN-Sm protein complex","CC"
"587","GO:0035061",1,0.998339552032737,0,8,"interchromatin granule","CC"
"588","GO:0035097",1,0.997711772099774,0,10,"histone methyltransferase complex","CC"
"589","GO:0035098",1,0.999125634993479,0,4,"ESC/E(Z) complex","CC"
"590","GO:0035101",1,0.999323539583586,0,3,"FACT complex","CC"
"591","GO:0035102",1,0.998731810113879,0,6,"PRC1 complex","CC"
"592","GO:0035145",1,0.998333232783556,0,8,"exon-exon junction complex","CC"
"593","GO:0035267",1,0.997853080628634,0,10,"NuA4 histone acetyltransferase complex","CC"
"594","GO:0035327",1,0.99865265649796,0,6,"transcriptionally active chromatin","CC"
"595","GO:0035339",1,0.999417189435735,0,3,"SPOTS complex","CC"
"596","GO:0035371",1,0.999141859916408,0,4,"microtubule plus-end","CC"
"597","GO:0035448",1,0.999798813272082,0,1,"extrinsic component of thylakoid membrane","CC"
"598","GO:0035452",1,0.999769797016167,0,1,"extrinsic component of plastid membrane","CC"
"599","GO:0035618",1,0.99853706947442,0,7,"root hair","CC"
"600","GO:0035619",1,0.998170404955739,0,8,"root hair tip","CC"
"601","GO:0035657",1,0.999793540466358,0,1,"eRF1 methyltransferase complex","CC"
"602","GO:0035859",1,0.999802774829718,0,1,"Seh1-associated complex","CC"
"603","GO:0035861",1,0.998300470649952,0,8,"site of double-strand break","CC"
"604","GO:0036020",1,0.999768747153071,0,1,"endolysosome membrane","CC"
"605","GO:0036064",1,0.999804331747185,0,1,"ciliary basal body","CC"
"606","GO:0036266",1,0.999784907232588,0,1,"Cdc48p-Npl4p-Vms1p AAA ATPase complex","CC"
"607","GO:0036396",1,0.999779911762905,0,1,"RNA N6-methyladenosine methyltransferase complex","CC"
"608","GO:0036513",1,0.996270942200201,0,18,"Derlin-1 retrotranslocation complex","CC"
"609","GO:0042170",1,0.999369301360347,0,3,"plastid membrane","CC"
"610","GO:0042175",1,0.999798331570249,0,1,"nuclear outer membrane-endoplasmic reticulum membrane network","CC"
"611","GO:0042406",1,0.998211104580667,0,9,"extrinsic component of endoplasmic reticulum membrane","CC"
"612","GO:0042555",1,0.998421709040026,0,7,"MCM complex","CC"
"613","GO:0042565",1,0.999766375744652,0,1,"RNA nuclear export complex","CC"
"614","GO:0042597",1,0.999789504630374,0,1,"periplasmic space","CC"
"615","GO:0042643",1,0.999570843440873,0,2,"actomyosin, actin portion","CC"
"616","GO:0042644",1,0.995272073885747,0,23,"chloroplast nucleoid","CC"
"617","GO:0042645",1,0.997927203452003,0,10,"mitochondrial nucleoid","CC"
"618","GO:0042646",1,0.997995356572329,0,10,"plastid nucleoid","CC"
"619","GO:0042651",1,0.993143389573088,0,33,"thylakoid membrane","CC"
"620","GO:0042719",1,0.999627431888752,0,2,"mitochondrial intermembrane space protein transporter complex","CC"
"621","GO:0042720",1,0.998823544540671,0,6,"mitochondrial inner membrane peptidase complex","CC"
"622","GO:0042721",1,0.998063465292641,0,10,"TIM22 mitochondrial import inner membrane insertion complex","CC"
"623","GO:0042765",1,0.998709004294245,0,6,"GPI-anchor transamidase complex","CC"
"624","GO:0042788",1,0.99918745063337,0,4,"polysomal ribosome","CC"
"625","GO:0042807",1,0.999037803297281,0,5,"central vacuole","CC"
"626","GO:0042995",1,0.999411341240092,0,3,"cell projection","CC"
"627","GO:0043036",1,0.998717325756306,0,6,"starch grain","CC"
"628","GO:0043073",1,0.999618994947543,0,2,"germ cell nucleus","CC"
"629","GO:0043078",1,0.998322863642456,0,8,"polar nucleus","CC"
"630","GO:0043186",1,0.999400819585158,0,3,"P granule","CC"
"631","GO:0043190",1,0.999624047503963,0,2,"ATP-binding cassette (ABC) transporter complex","CC"
"632","GO:0043224",1,0.999596958677543,0,2,"nuclear SCF ubiquitin ligase complex","CC"
"633","GO:0043229",1,0.998296362288308,0,8,"intracellular organelle","CC"
"634","GO:0043231",1,0.953915215493623,0,225,"intracellular membrane-bounded organelle","CC"
"635","GO:0043235",1,0.99980048283157,0,1,"receptor complex","CC"
"636","GO:0043240",1,0.99919886728926,0,4,"Fanconi anaemia nuclear complex","CC"
"637","GO:0043253",1,0.999795895752811,0,1,"chloroplast ribosome","CC"
"638","GO:0043291",1,0.999285319065115,0,3,"RAVE complex","CC"
"639","GO:0043527",1,0.999790045355471,0,1,"tRNA methyltransferase complex","CC"
"640","GO:0043529",1,0.998947436557429,0,5,"GET complex","CC"
"641","GO:0043541",1,0.998841349032856,0,6,"UDP-N-acetylglucosamine transferase complex","CC"
"642","GO:0043564",1,0.999329577117661,0,3,"Ku70:Ku80 complex","CC"
"643","GO:0043596",1,0.99953909927476,0,2,"nuclear replication fork","CC"
"644","GO:0043601",1,0.999779024016999,0,1,"nuclear replisome","CC"
"645","GO:0043614",1,0.99936666226965,0,3,"multi-eIF complex","CC"
"646","GO:0043625",1,0.999155387056078,0,4,"delta DNA polymerase complex","CC"
"647","GO:0043626",1,0.999610279047747,0,2,"PCNA complex","CC"
"648","GO:0043674",1,0.999363788955031,0,3,"columella","CC"
"649","GO:0043680",1,0.999782078554416,0,1,"filiform apparatus","CC"
"650","GO:0044214",1,0.999793696066597,0,1,"spanning component of plasma membrane","CC"
"651","GO:0044432",1,0.999605752243802,0,2,"endoplasmic reticulum part","CC"
"652","GO:0044545",1,0.998541015380292,0,7,"NSL complex","CC"
"653","GO:0044599",1,0.999552911564629,0,2,"AP-5 adaptor complex","CC"
"654","GO:0044611",1,0.997508646388185,0,11,"nuclear pore inner ring","CC"
"655","GO:0044613",1,0.998509524010681,0,7,"nuclear pore central transport channel","CC"
"656","GO:0044614",1,0.998416899027512,0,7,"nuclear pore cytoplasmic filaments","CC"
"657","GO:0044615",1,0.999323518027611,0,3,"nuclear pore nuclear basket","CC"
"658","GO:0044798",1,0.999538000190473,0,2,"nuclear transcription factor complex","CC"
"659","GO:0045025",1,0.999335686477062,0,3,"mitochondrial degradosome","CC"
"660","GO:0045177",1,0.99868294248029,0,6,"apical part of cell","CC"
"661","GO:0045239",1,0.999332546629596,0,3,"tricarboxylic acid cycle enzyme complex","CC"
"662","GO:0045252",1,0.998452634661474,0,7,"oxoglutarate dehydrogenase complex","CC"
"663","GO:0045254",1,0.999313247220925,0,3,"pyruvate dehydrogenase complex","CC"
"664","GO:0045259",1,0.999254676167262,0,4,"proton-transporting ATP synthase complex","CC"
"665","GO:0045261",1,0.999059387471952,0,5,"proton-transporting ATP synthase complex, catalytic core F(1)","CC"
"666","GO:0045263",1,0.998081217086142,0,10,"proton-transporting ATP synthase complex, coupling factor F(o)","CC"
"667","GO:0045271",1,0.99359822115057,0,33,"respiratory chain complex I","CC"
"668","GO:0045272",1,0.999426610704558,0,3,"plasma membrane respiratory chain complex I","CC"
"669","GO:0045273",1,0.99740922964887,0,13,"respiratory chain complex II","CC"
"670","GO:0045277",1,0.999806570249244,0,1,"respiratory chain complex IV","CC"
"671","GO:0045281",1,0.999187801595537,0,4,"succinate dehydrogenase complex","CC"
"672","GO:0045282",1,0.999556012411477,0,2,"plasma membrane succinate dehydrogenase complex","CC"
"673","GO:0045298",1,0.997091242146006,0,14,"tubulin complex","CC"
"674","GO:0045334",1,0.998450380644962,0,7,"clathrin-coated endocytic vesicle","CC"
"675","GO:0045335",1,0.999387899763873,0,3,"phagocytic vesicle","CC"
"676","GO:0046540",1,0.991385104224486,0,42,"U4/U6 x U5 tri-snRNP complex","CC"
"677","GO:0046658",1,0.969685645824811,0,154,"anchored component of plasma membrane","CC"
"678","GO:0046695",1,0.999116029986172,0,4,"SLIK (SAGA-like) complex","CC"
"679","GO:0046861",1,0.999106466253271,0,4,"glyoxysomal membrane","CC"
"680","GO:0046862",1,0.999787374589892,0,1,"chromoplast membrane","CC"
"681","GO:0046930",1,0.99655423210759,0,17,"pore complex","CC"
"682","GO:0048046",1,0.89745015588215,0,522,"apoplast","CC"
"683","GO:0048188",1,0.998375977042951,0,8,"Set1C/COMPASS complex","CC"
"684","GO:0048226",1,0.997454753100363,0,13,"Casparian strip","CC"
"685","GO:0048471",1,0.992439057622158,0,35,"perinuclear region of cytoplasm","CC"
"686","GO:0048476",1,0.999548703391575,0,2,"Holliday junction resolvase complex","CC"
"687","GO:0048500",1,0.999786168729983,0,1,"signal recognition particle","CC"
"688","GO:0048555",1,0.999568575586872,0,2,"generative cell nucleus","CC"
"689","GO:0048556",1,0.999568575586872,0,2,"microsporocyte nucleus","CC"
"690","GO:0051233",1,0.998754557047276,0,6,"spindle midzone","CC"
"691","GO:0052718",1,0.999175667713322,0,4,"tRNA-specific adenosine-34 deaminase complex","CC"
"692","GO:0055028",1,0.993124292268513,0,32,"cortical microtubule","CC"
"693","GO:0055035",1,0.998184325484055,0,9,"plastid thylakoid membrane","CC"
"694","GO:0055037",1,0.999004466540344,0,5,"recycling endosome","CC"
"695","GO:0055038",1,0.99834910635237,0,8,"recycling endosome membrane","CC"
"696","GO:0055044",1,0.999781818902069,0,1,"symplast","CC"
"697","GO:0055087",1,0.999532320110129,0,2,"Ski complex","CC"
"698","GO:0061574",1,0.998952645765783,0,5,"ASAP complex","CC"
"699","GO:0061617",1,0.999807953091447,0,1,"MICOS complex","CC"
"700","GO:0061673",1,0.999784661857323,0,1,"mitotic spindle astral microtubule","CC"
"701","GO:0061908",1,0.997578855285582,0,12,"phagophore","CC"
"702","GO:0061927",1,0.999084834995295,0,4,"TOC-TIC supercomplex I","CC"
"703","GO:0070013",1,0.999768520045877,0,1,"intracellular organelle lumen","CC"
"704","GO:0070062",1,0.996663670175219,0,15,"extracellular exosome","CC"
"705","GO:0070176",1,0.999613127700267,0,2,"DRM complex","CC"
"706","GO:0070209",1,0.999769775430412,0,1,"ASTRA complex","CC"
"707","GO:0070274",1,0.999560177762588,0,2,"RES complex","CC"
"708","GO:0070382",1,0.999301452706189,0,3,"exocytic vesicle","CC"
"709","GO:0070390",1,0.998452678496605,0,7,"transcription export complex 2","CC"
"710","GO:0070449",1,0.999602406953859,0,2,"elongin complex","CC"
"711","GO:0070461",1,0.998264388399045,0,8,"SAGA-type complex","CC"
"712","GO:0070469",1,0.995611033087954,0,22,"respiratory chain","CC"
"713","GO:0070522",1,0.999580862063778,0,2,"ERCC4-ERCC1 complex","CC"
"714","GO:0070531",1,0.998948594218018,0,5,"BRCA1-A complex","CC"
"715","GO:0070545",1,0.998481318399982,0,7,"PeBoW complex","CC"
"716","GO:0070552",1,0.999177035305907,0,4,"BRISC complex","CC"
"717","GO:0070603",1,0.999794520051351,0,1,"SWI/SNF superfamily-type complex","CC"
"718","GO:0070652",1,0.99845250563365,0,7,"HAUS complex","CC"
"719","GO:0070762",1,0.999789464250546,0,1,"nuclear pore transmembrane ring","CC"
"720","GO:0070765",1,0.999605857749912,0,2,"gamma-secretase complex","CC"
"721","GO:0070772",1,0.999540562254201,0,2,"PAS complex","CC"
"722","GO:0070776",1,0.999596842867076,0,2,"MOZ/MORF histone acetyltransferase complex","CC"
"723","GO:0070822",1,0.999348469106404,0,3,"Sin3-type complex","CC"
"724","GO:0070847",1,0.997585219056338,0,12,"core mediator complex","CC"
"725","GO:0070860",1,0.99959177553446,0,2,"RNA polymerase I core factor complex","CC"
"726","GO:0070876",1,0.999816025251372,0,1,"SOSS complex","CC"
"727","GO:0070939",1,0.999571310474003,0,2,"Dsl1/NZR complex","CC"
"728","GO:0070971",1,0.996247031787166,0,17,"endoplasmic reticulum exit site","CC"
"729","GO:0070985",1,0.99915352447047,0,4,"transcription factor TFIIK complex","CC"
"730","GO:0071004",1,0.99194574050098,0,38,"U2-type prespliceosome","CC"
"731","GO:0071006",1,0.99807213943074,0,9,"U2-type catalytic step 1 spliceosome","CC"
"732","GO:0071007",1,0.997901981132112,0,10,"U2-type catalytic step 2 spliceosome","CC"
"733","GO:0071008",1,0.999351056553302,0,3,"U2-type post-mRNA release spliceosomal complex","CC"
"734","GO:0071011",1,0.998318329701981,0,8,"precatalytic spliceosome","CC"
"735","GO:0071013",1,0.988360479574237,0,56,"catalytic step 2 spliceosome","CC"
"736","GO:0071014",1,0.998033595904216,0,9,"post-mRNA release spliceosomal complex","CC"
"737","GO:0071020",1,0.999801613668774,0,1,"post-spliceosomal complex","CC"
"738","GO:0071021",1,0.999799837590724,0,1,"U2-type post-spliceosomal complex","CC"
"739","GO:0071339",1,0.99953710938907,0,2,"MLL1 complex","CC"
"740","GO:0071439",1,0.999526169921327,0,2,"clathrin complex","CC"
"741","GO:0071458",1,0.997416820292727,0,12,"integral component of cytoplasmic side of endoplasmic reticulum membrane","CC"
"742","GO:0071540",1,0.999770568962475,0,1,"eukaryotic translation initiation factor 3 complex, eIF3e","CC"
"743","GO:0071541",1,0.999567152926583,0,2,"eukaryotic translation initiation factor 3 complex, eIF3m","CC"
"744","GO:0071556",1,0.998229579363891,0,8,"integral component of lumenal side of endoplasmic reticulum membrane","CC"
"745","GO:0071561",1,0.999535401927211,0,2,"nucleus-vacuole junction","CC"
"746","GO:0071781",1,0.999787193140246,0,1,"endoplasmic reticulum cisternal network","CC"
"747","GO:0071782",1,0.998973923153506,0,5,"endoplasmic reticulum tubular network","CC"
"748","GO:0071818",1,0.999382803282613,0,3,"BAT3 complex","CC"
"749","GO:0071819",1,0.999417851162117,0,3,"DUBm complex","CC"
"750","GO:0071821",1,0.999400391210824,0,3,"FANCM-MHF complex","CC"
"751","GO:0071942",1,0.999542194931223,0,2,"XPC complex","CC"
"752","GO:0071944",1,0.994929036067737,0,24,"cell periphery","CC"
"753","GO:0072357",1,0.999793625311665,0,1,"PTW/PP1 phosphatase complex","CC"
"754","GO:0072546",1,0.997554361810605,0,12,"ER membrane protein complex","CC"
"755","GO:0072686",1,0.996909140800997,0,14,"mitotic spindle","CC"
"756","GO:0080008",1,0.961236424950638,0,180,"Cul4-RING E3 ubiquitin ligase complex","CC"
"757","GO:0080085",1,0.999585826734097,0,2,"signal recognition particle, chloroplast targeting","CC"
"758","GO:0085035",1,0.999575866026911,0,2,"haustorium","CC"
"759","GO:0089701",1,0.997836382836166,0,10,"U2AF","CC"
"760","GO:0090397",1,0.999556043765214,0,2,"stigma papilla","CC"
"761","GO:0090404",1,0.996569924703613,0,16,"pollen tube tip","CC"
"762","GO:0090406",1,0.987363493364104,0,60,"pollen tube","CC"
"763","GO:0090568",1,0.999794420299734,0,1,"nuclear transcriptional repressor complex","CC"
"764","GO:0090575",1,0.994168128917649,0,29,"RNA polymerase II transcription factor complex","CC"
"765","GO:0090577",1,0.999775314027589,0,1,"RNA polymerase IV transcription factor complex","CC"
"766","GO:0090661",1,0.999623569179197,0,2,"box H/ACA telomerase RNP complex","CC"
"767","GO:0090694",1,0.997647747563575,0,11,"Scc2-Scc4 cohesin loading complex","CC"
"768","GO:0097196",1,0.999812259005278,0,1,"Shu complex","CC"
"769","GO:0097218",1,0.999587358210841,0,2,"sieve plate","CC"
"770","GO:0097255",1,0.999385401452988,0,3,"R2TP complex","CC"
"771","GO:0097268",1,0.998212246674835,0,8,"cytoophidium","CC"
"772","GO:0097344",1,0.999333891981852,0,3,"Rix1 complex","CC"
"773","GO:0097361",1,0.999784723060139,0,1,"CIA complex","CC"
"774","GO:0097431",1,0.999595985130124,0,2,"mitotic spindle pole","CC"
"775","GO:0097550",1,0.998730276034054,0,6,"transcriptional preinitiation complex","CC"
"776","GO:0097708",1,0.999562687429172,0,2,"intracellular vesicle","CC"
"777","GO:0098572",1,0.999598104420586,0,2,"stromal side of plastid thylakoid membrane","CC"
"778","GO:0098590",1,0.999370826599578,0,3,"plasma membrane region","CC"
"779","GO:0098687",1,0.99979358288071,0,1,"chromosomal region","CC"
"780","GO:0098800",1,0.999772588926333,0,1,"inner mitochondrial membrane protein complex","CC"
"781","GO:0098807",1,0.99981161162613,0,1,"chloroplast thylakoid membrane protein complex","CC"
"782","GO:0099086",1,0.999576254356172,0,2,"synaptonemal structure","CC"
"783","GO:0099738",1,0.999118686505552,0,4,"cell cortex region","CC"
"784","GO:0101031",1,0.999595255968795,0,2,"chaperone complex","CC"
"785","GO:1903600",1,0.999797836228276,0,1,"glutaminase complex","CC"
"786","GO:1903754",1,0.999145641245223,0,4,"cortical microtubule plus-end","CC"
"787","GO:1904423",1,0.999810559381416,0,1,"dehydrodolichyl diphosphate synthase complex","CC"
"788","GO:1905202",1,0.999785577137094,0,1,"methylcrotonoyl-CoA carboxylase complex","CC"
"789","GO:1990023",1,0.999784661857323,0,1,"mitotic spindle midzone","CC"
"790","GO:1990070",1,0.999802760131598,0,1,"TRAPPI protein complex","CC"
"791","GO:1990071",1,0.99933274162434,0,3,"TRAPPII protein complex","CC"
"792","GO:1990072",1,0.999802760131598,0,1,"TRAPPIII protein complex","CC"
"793","GO:1990112",1,0.999301268987998,0,3,"RQC complex","CC"
"794","GO:1990298",1,0.999377178018652,0,3,"bub1-bub3 complex","CC"
"795","GO:1990316",1,0.998917582611075,0,5,"Atg1/ULK1 kinase complex","CC"
"796","GO:1990423",1,0.99977522322566,0,1,"RZZ complex","CC"
"797","GO:1990429",1,0.999147811352479,0,4,"peroxisomal importomer complex","CC"
"798","GO:1990457",1,0.999803274495663,0,1,"pexophagosome","CC"
"799","GO:1990467",1,0.999596842867076,0,2,"NuA3a histone acetyltransferase complex","CC"
"800","GO:1990468",1,0.999596842867076,0,2,"NuA3b histone acetyltransferase complex","CC"
"801","GO:1990604",1,0.999555700559994,0,2,"IRE1-TRAF2-ASK1 complex","CC"
"802","GO:1990726",1,0.998091885721605,0,10,"Lsm1-7-Pat1 complex","CC"
"803","GO:1990745",1,0.999528955078303,0,2,"EARP complex","CC"
"804","GO:1990752",1,0.999792527716834,0,1,"microtubule end","CC"
"805","GO:1990805",1,0.999809345267826,0,1,"central cylinder","CC"
"806","GO:1990879",1,0.998947108647624,0,5,"CST complex","CC"
"807","GO:1990904",1,0.977055284174749,0,111,"ribonucleoprotein complex","CC"
"808","GO:0016021",1,0.289404375903573,0,5396,"integral component of membrane","CC"
"809","GO:0005886",1,0.366581393173226,0,4376,"plasma membrane","CC"
